Vehicle_ID,Timestamp,Speed_kmh,Latitude,Longitude,Fuel_Level(%),Engine_Hours,Driving_Event,Maintenance_Needed
VEH_1,08:26.5,71.25012231,17.69350664,83.24298608,45.37831408,806.3786125,normal,0
VEH_1,03:26.5,58.06725369,17.79856078,83.24973032,74.19666556,580.6240637,sudden_brake,0
VEH_1,58:26.5,47.27946528,17.7643643,83.23669188,98.52843663,951.7484141,speeding,0
VEH_1,53:26.5,45.31136146,17.68857661,83.2055117,37.04437975,412.6105197,harsh_turn,1
VEH_1,48:26.5,52.44272625,17.70413609,83.24096902,81.36012132,814.9391597,speeding,1
VEH_1,43:26.5,96.88197471,17.77418834,83.18667435,44.77056357,986.9039988,sudden_brake,1
VEH_1,38:26.5,64.31173857,17.7787439,83.22069693,34.41106209,539.7636757,speeding,1
VEH_1,33:26.5,89.18127103,17.78161941,83.21816131,42.36118494,648.4778623,normal,0
VEH_1,28:26.5,82.31068626,17.68567332,83.20815952,98.53989344,854.2926279,harsh_turn,1
VEH_1,23:26.5,78.85485912,17.71357933,83.15138204,69.44823378,403.7094531,harsh_turn,1
VEH_1,18:26.5,101.4498267,17.74264024,83.21736529,73.40330767,219.8364724,normal,1
VEH_1,13:26.5,95.21645743,17.78622608,83.24007729,89.29663748,942.2091331,sudden_brake,0
VEH_1,08:26.5,75.03198764,17.7297547,83.16250706,63.47440539,506.6356531,normal,1
VEH_1,03:26.5,46.66589073,17.75127858,83.15700866,35.8458876,295.7277733,sudden_brake,1
VEH_1,58:26.5,117.4714177,17.78409037,83.15688182,59.3572916,870.3711011,harsh_turn,0
VEH_1,53:26.5,44.01397734,17.72130586,83.24411427,99.79937125,818.2120796,normal,1
VEH_1,48:26.5,89.42628429,17.79345871,83.19483617,59.87357014,469.5473109,sudden_brake,0
VEH_1,43:26.5,68.92242871,17.73915962,83.22813842,38.45837513,928.9093566,normal,0
VEH_1,38:26.5,64.81487828,17.72869758,83.20598422,69.22387388,941.4653856,harsh_turn,0
VEH_1,33:26.5,69.5380371,17.69916246,83.1784697,84.05467471,591.0864293,speeding,0
VEH_1,28:26.5,101.7346292,17.72931749,83.16565679,69.00050877,953.275223,speeding,0
VEH_1,23:26.5,49.57402297,17.76076179,83.19582733,59.93243789,911.3186342,speeding,1
VEH_1,18:26.5,110.1977446,17.75976968,83.20166836,47.93577793,924.8931651,harsh_turn,0
VEH_1,13:26.5,110.4898673,17.70089883,83.24379597,67.48749056,429.4853572,harsh_turn,1
VEH_1,08:26.5,69.18166067,17.6946224,83.21302615,94.47714886,796.4354168,sudden_brake,1
VEH_1,03:26.5,68.21649463,17.7467085,83.23799553,97.05115411,482.2955529,normal,0
VEH_1,58:26.5,44.58208247,17.7817189,83.15843278,66.1198001,913.2095619,sudden_brake,1
VEH_1,53:26.5,74.77765271,17.77056652,83.17183028,36.58192754,968.2220134,harsh_turn,0
VEH_1,48:26.5,68.14203597,17.75651168,83.17719417,79.61001575,476.3905517,normal,0
VEH_1,43:26.5,109.6726232,17.70110681,83.16375274,36.84975089,410.607041,speeding,0
VEH_1,38:26.5,119.1803192,17.79830028,83.16508382,39.89197579,681.3522969,harsh_turn,1
VEH_1,33:26.5,48.0830006,17.74793525,83.20900034,48.40395965,999.4373463,normal,1
VEH_1,28:26.5,42.36215115,17.6951669,83.23256971,75.92269995,222.0334087,normal,1
VEH_1,23:26.5,77.40638786,17.76814839,83.21861001,71.11191322,556.0093992,speeding,0
VEH_1,18:26.5,112.9837338,17.74374817,83.1957392,60.73491923,614.9961761,sudden_brake,1
VEH_1,13:26.5,99.35873817,17.7075287,83.21668628,76.28278523,867.426213,normal,1
VEH_1,08:26.5,81.3414622,17.74258685,83.20426167,88.09074379,293.8681355,harsh_turn,0
VEH_1,03:26.5,94.52313087,17.68323532,83.21194661,79.36945526,666.7272109,speeding,1
VEH_1,58:26.5,47.75234916,17.78895485,83.21223282,56.58823006,819.9710992,speeding,0
VEH_1,53:26.5,110.1171348,17.7148257,83.17912266,40.18613996,755.2343601,normal,1
VEH_1,48:26.5,45.41838958,17.77247722,83.17589532,58.44053728,217.4053755,normal,0
VEH_1,43:26.5,59.10357943,17.69417469,83.18137805,59.13408498,359.5059569,harsh_turn,1
VEH_1,38:26.5,53.75251552,17.71485624,83.17939689,56.64193474,262.6734224,sudden_brake,0
VEH_1,33:26.5,83.25683931,17.6817239,83.18640736,88.9059012,650.5249653,harsh_turn,0
VEH_1,28:26.5,97.71132749,17.76237107,83.19742154,96.57873729,999.9647659,harsh_turn,0
VEH_1,23:26.5,108.2300632,17.740428,83.23549613,93.93065854,695.5879777,normal,1
VEH_1,18:26.5,92.14133092,17.73728634,83.17390777,75.02136962,873.2639427,harsh_turn,1
VEH_1,13:26.5,93.31129962,17.77267504,83.1610189,74.23698142,319.0067987,sudden_brake,1
VEH_1,08:26.5,92.17790807,17.69111077,83.18246721,94.20086764,285.6949465,normal,0
VEH_1,03:26.5,94.81957711,17.72445222,83.19696974,92.46009283,490.365221,normal,0
VEH_2,08:26.5,55.31927165,17.72675956,83.18818615,38.51120495,866.5212076,sudden_brake,1
VEH_2,03:26.5,60.2223805,17.74070871,83.22264039,60.73335521,677.3156953,sudden_brake,0
VEH_2,58:26.5,98.71162406,17.72154256,83.21220466,68.33609754,368.007771,harsh_turn,1
VEH_2,53:26.5,80.36058103,17.75427134,83.23324514,54.25855904,494.2198684,speeding,1
VEH_2,48:26.5,79.98792161,17.72929955,83.2462042,91.48386058,539.334115,speeding,1
VEH_2,43:26.5,117.2272409,17.73155827,83.24079912,88.2987017,605.1640871,normal,1
VEH_2,38:26.5,73.27083146,17.78562537,83.22123378,85.19798278,802.9292552,speeding,1
VEH_2,33:26.5,103.8349908,17.79762171,83.1920242,75.38711127,611.2388114,normal,1
VEH_2,28:26.5,117.1088945,17.79834519,83.20252744,69.2526477,504.9399266,harsh_turn,1
VEH_2,23:26.5,99.9573463,17.68358717,83.15680569,44.35092521,726.3339786,speeding,1
VEH_2,18:26.5,78.83419876,17.79687751,83.23205791,54.86198953,946.2451955,harsh_turn,1
VEH_2,13:26.5,48.52842442,17.72351786,83.19916632,53.98191693,836.4207004,sudden_brake,1
VEH_2,08:26.5,79.21085551,17.72532998,83.23709436,31.44288565,583.1405457,sudden_brake,0
VEH_2,03:26.5,64.75281232,17.70207684,83.2070609,99.64175411,625.3164546,sudden_brake,0
VEH_2,58:26.5,98.91886753,17.68975203,83.18860903,92.31839373,609.7560525,harsh_turn,0
VEH_2,53:26.5,55.91986531,17.7372143,83.15317972,74.72384654,544.1252681,harsh_turn,0
VEH_2,48:26.5,114.993843,17.79629266,83.18727586,88.07488348,959.4378933,normal,0
VEH_2,43:26.5,56.73613261,17.72008925,83.2267078,95.76317948,539.9168985,normal,0
VEH_2,38:26.5,78.30734575,17.77481291,83.19676732,94.64209308,751.3207186,harsh_turn,0
VEH_2,33:26.5,86.81164987,17.72943982,83.23516627,32.29797214,422.4410864,speeding,0
VEH_2,28:26.5,78.17945447,17.79857088,83.19404341,64.7217063,403.5006951,sudden_brake,0
VEH_2,23:26.5,104.8877121,17.73771195,83.22573069,71.5450376,554.9567882,sudden_brake,0
VEH_2,18:26.5,86.40270779,17.7301133,83.17151533,46.30124241,360.817129,normal,1
VEH_2,13:26.5,111.0086856,17.78153144,83.23426575,95.81965561,746.6970412,harsh_turn,0
VEH_2,08:26.5,102.7816929,17.71957204,83.22812471,83.82022575,328.7827925,sudden_brake,1
VEH_2,03:26.5,55.36916346,17.72946415,83.19513398,85.34786348,323.3324041,normal,0
VEH_2,58:26.5,64.29008599,17.70398596,83.17372178,96.09108949,297.0631045,speeding,1
VEH_2,53:26.5,88.41175915,17.74976072,83.17118434,63.72605819,789.9673408,normal,1
VEH_2,48:26.5,109.5557546,17.7833916,83.18418142,37.77704206,204.471994,speeding,1
VEH_2,43:26.5,109.9570232,17.79777064,83.21879552,52.19589494,973.5419143,normal,0
VEH_2,38:26.5,52.53752293,17.76543522,83.16930249,86.41502031,414.6997969,speeding,0
VEH_2,33:26.5,113.7393017,17.76394246,83.22916401,73.47863387,240.5628013,normal,0
VEH_2,28:26.5,96.58203812,17.77800395,83.21244029,91.04086129,704.4446202,speeding,0
VEH_2,23:26.5,62.27518791,17.68901213,83.23418494,78.33956849,875.594122,speeding,0
VEH_2,18:26.5,46.97552239,17.72469761,83.20079053,47.12399359,258.8048475,speeding,0
VEH_2,13:26.5,77.49556928,17.71915191,83.15338323,38.45459625,277.94385,normal,0
VEH_2,08:26.5,81.32170544,17.76953555,83.16390472,41.1306591,959.5915647,normal,0
VEH_2,03:26.5,70.47588021,17.68380674,83.22027814,74.56013119,920.7653934,harsh_turn,0
VEH_2,58:26.5,75.05782927,17.77486174,83.20371512,46.64163759,364.0867702,sudden_brake,1
VEH_2,53:26.5,115.7094661,17.79574702,83.23988049,40.2169676,208.2002099,sudden_brake,1
VEH_2,48:26.5,83.11032628,17.7639132,83.19753453,99.46496841,548.7783008,normal,1
VEH_2,43:26.5,61.95712141,17.73452771,83.19905992,69.42051645,532.2821633,sudden_brake,0
VEH_2,38:26.5,99.60068117,17.79191418,83.1996228,51.10331294,500.7195794,speeding,1
VEH_2,33:26.5,69.27200355,17.77003535,83.195122,92.14620053,959.0615333,sudden_brake,1
VEH_2,28:26.5,41.85996067,17.77436112,83.22668971,96.593226,691.8077082,speeding,1
VEH_2,23:26.5,104.3416715,17.69389297,83.23080048,32.24215446,261.8312928,sudden_brake,0
VEH_2,18:26.5,108.942422,17.79449157,83.19962823,55.30368668,601.879923,normal,0
VEH_2,13:26.5,93.70328827,17.73399383,83.15668304,67.99895041,931.1634792,harsh_turn,0
VEH_2,08:26.5,66.51725064,17.74267408,83.18945234,41.86901835,604.1284691,sudden_brake,1
VEH_2,03:26.5,55.79342872,17.7568822,83.22822067,58.1396439,938.7499852,sudden_brake,0
VEH_3,08:26.5,55.85199481,17.72733876,83.17515351,68.5618405,763.1096096,speeding,1
VEH_3,03:26.5,57.7473441,17.69511506,83.20405727,60.47652088,703.291555,normal,1
VEH_3,58:26.5,42.70833585,17.73426426,83.19029385,40.39101141,951.8831248,sudden_brake,0
VEH_3,53:26.5,83.6475056,17.75464706,83.19511343,77.7913046,474.5801505,harsh_turn,0
VEH_3,48:26.5,48.28026516,17.79155794,83.15705866,60.07846059,585.6519075,normal,1
VEH_3,43:26.5,40.63656071,17.69459116,83.18723451,38.81582072,367.4230448,harsh_turn,1
VEH_3,38:26.5,81.82234856,17.7882178,83.17015315,55.4610707,591.7006327,sudden_brake,0
VEH_3,33:26.5,67.41960142,17.69798157,83.23769564,38.41212034,860.0011282,harsh_turn,1
VEH_3,28:26.5,40.33865049,17.7927813,83.24814352,65.49332196,240.0943712,sudden_brake,0
VEH_3,23:26.5,72.82226178,17.71005223,83.21132449,63.91743718,918.8262126,harsh_turn,1
VEH_3,18:26.5,106.8259947,17.75659907,83.18595071,88.81410821,383.8350798,normal,1
VEH_3,13:26.5,103.5471514,17.78168918,83.17172639,33.97573254,778.3810987,normal,1
VEH_3,08:26.5,99.167185,17.7576205,83.24815416,79.96153323,852.0889008,sudden_brake,0
VEH_3,03:26.5,76.46173519,17.78267633,83.20493987,36.24871025,448.9550883,sudden_brake,0
VEH_3,58:26.5,72.611054,17.78960021,83.23721876,84.54692717,812.0516397,normal,0
VEH_3,53:26.5,45.02721009,17.68672842,83.16571164,69.07113179,780.0329142,normal,0
VEH_3,48:26.5,95.15136408,17.73134927,83.22775826,61.00433476,939.8692392,sudden_brake,1
VEH_3,43:26.5,48.31639231,17.70544636,83.15183406,33.49855037,610.0857709,sudden_brake,0
VEH_3,38:26.5,54.71168473,17.787292,83.1790792,64.04439021,957.683714,speeding,0
VEH_3,33:26.5,67.87626231,17.73987077,83.220638,48.04248475,500.1460565,sudden_brake,0
VEH_3,28:26.5,88.13625794,17.70125377,83.19669871,54.00462704,576.8913546,sudden_brake,1
VEH_3,23:26.5,92.17022086,17.7764649,83.1516304,45.7023993,728.2759726,sudden_brake,0
VEH_3,18:26.5,107.1025895,17.73368729,83.15541512,37.83363354,421.8534244,speeding,1
VEH_3,13:26.5,106.1886059,17.75587162,83.15285873,79.3208824,753.8968921,speeding,0
VEH_3,08:26.5,50.07334109,17.79928325,83.17805113,31.85537716,584.8529693,speeding,0
VEH_3,03:26.5,112.3632922,17.71016156,83.23741398,79.00711956,859.5837499,speeding,0
VEH_3,58:26.5,89.89565552,17.77622005,83.23024168,57.2695272,799.5933555,normal,0
VEH_3,53:26.5,58.65952389,17.72450609,83.19749329,73.68062235,259.298911,normal,0
VEH_3,48:26.5,94.43016841,17.71545787,83.17591238,95.39002799,351.9838627,speeding,1
VEH_3,43:26.5,65.48216053,17.68882843,83.21781596,93.64008709,850.6031411,normal,0
VEH_3,38:26.5,62.06111249,17.74542942,83.1987824,43.63505031,865.560409,harsh_turn,0
VEH_3,33:26.5,63.3926999,17.69529094,83.22669998,35.18058589,236.0639856,speeding,0
VEH_3,28:26.5,49.37639537,17.73682356,83.17347001,35.5624682,959.1325282,sudden_brake,1
VEH_3,23:26.5,98.7188725,17.70033268,83.15389084,65.83093203,787.2654234,speeding,1
VEH_3,18:26.5,52.18473296,17.69779036,83.17881083,99.8893121,789.8557939,speeding,0
VEH_3,13:26.5,85.06680991,17.68203182,83.16969258,85.5924104,231.8919246,normal,1
VEH_3,08:26.5,57.24040663,17.77299383,83.16702156,31.95776264,799.3609703,harsh_turn,0
VEH_3,03:26.5,60.22356227,17.75559959,83.23893898,42.20827485,780.5601281,harsh_turn,0
VEH_3,58:26.5,47.37967298,17.68260478,83.17277103,65.10348259,454.7081772,speeding,1
VEH_3,53:26.5,110.4925561,17.73530816,83.19422574,53.21024395,285.9251002,normal,1
VEH_3,48:26.5,96.86141936,17.72352529,83.19813492,93.41768082,900.9420283,sudden_brake,1
VEH_3,43:26.5,96.96132899,17.78616277,83.16989706,32.56753455,301.3450317,harsh_turn,0
VEH_3,38:26.5,57.37429678,17.75326049,83.16124416,36.3693535,489.1061455,sudden_brake,0
VEH_3,33:26.5,41.52982489,17.70287895,83.22068696,84.86866054,617.8488035,harsh_turn,1
VEH_3,28:26.5,95.53752148,17.6929424,83.19474302,79.46138819,678.9102334,harsh_turn,1
VEH_3,23:26.5,65.58408043,17.76061972,83.21199544,35.29968983,208.018909,sudden_brake,1
VEH_3,18:26.5,109.1823694,17.78961195,83.15444658,85.00919992,678.567339,speeding,0
VEH_3,13:26.5,109.5046495,17.73966568,83.17787996,41.99145632,353.1300488,harsh_turn,1
VEH_3,08:26.5,112.3278947,17.72333587,83.18692265,33.30846249,509.6761516,harsh_turn,1
VEH_3,03:26.5,72.1878005,17.70749573,83.23034999,44.50995176,681.6767046,sudden_brake,1
VEH_4,08:26.5,93.23059289,17.74289582,83.24188075,62.08322979,972.1161646,harsh_turn,0
VEH_4,03:26.5,70.26424623,17.7672067,83.2377567,92.43514165,859.2542358,normal,1
VEH_4,58:26.5,96.41540028,17.77780012,83.23217101,64.96451874,574.8710679,normal,0
VEH_4,53:26.5,106.3708243,17.69255407,83.18736485,96.43792158,909.0257026,normal,0
VEH_4,48:26.5,111.3094208,17.70850082,83.23001093,35.06916614,696.9162249,speeding,0
VEH_4,43:26.5,47.6387046,17.77193615,83.21075985,77.98895103,750.3162836,normal,0
VEH_4,38:26.5,87.31899048,17.68016158,83.20102194,81.3015901,466.3630528,sudden_brake,1
VEH_4,33:26.5,105.6735389,17.77952559,83.1918293,70.25847569,542.0326045,harsh_turn,0
VEH_4,28:26.5,103.0720849,17.76450279,83.15617334,75.14726731,877.4818172,normal,1
VEH_4,23:26.5,60.06340502,17.68867213,83.18397847,78.00915009,715.3642488,normal,1
VEH_4,18:26.5,56.25598183,17.79476007,83.23634062,78.30437364,292.8869017,normal,1
VEH_4,13:26.5,42.09679269,17.69035498,83.21897257,72.94971305,932.6973771,normal,1
VEH_4,08:26.5,105.1620959,17.76251207,83.16886058,76.96080678,321.2825352,speeding,1
VEH_4,03:26.5,105.0298981,17.68123551,83.24928358,88.64131449,296.476939,speeding,1
VEH_4,58:26.5,103.2265923,17.6891854,83.222479,74.55572471,396.3258916,sudden_brake,1
VEH_4,53:26.5,102.4065069,17.68386796,83.20196414,56.47319552,473.4101062,harsh_turn,1
VEH_4,48:26.5,100.2983081,17.7425115,83.19204484,43.97621916,771.1733562,normal,0
VEH_4,43:26.5,52.46214723,17.74162931,83.17615518,79.65959223,387.4161716,normal,0
VEH_4,38:26.5,48.51427075,17.71353472,83.15252347,44.65145786,735.6709506,sudden_brake,1
VEH_4,33:26.5,60.99593253,17.73799838,83.18131783,87.5343618,924.1371343,harsh_turn,1
VEH_4,28:26.5,90.01006687,17.70295485,83.18677844,66.77499153,683.4831282,sudden_brake,1
VEH_4,23:26.5,75.95082006,17.78682796,83.15157429,74.86892547,277.4347072,harsh_turn,1
VEH_4,18:26.5,96.29385829,17.77081495,83.20465234,59.10221776,910.7292803,normal,0
VEH_4,13:26.5,63.51766231,17.70239663,83.22387996,71.65565623,500.2282131,normal,1
VEH_4,08:26.5,102.2691299,17.70039712,83.23244138,68.76585337,729.6096657,normal,0
VEH_4,03:26.5,49.34008319,17.72132899,83.21555455,38.87054167,677.5095682,normal,0
VEH_4,58:26.5,42.79848265,17.72975933,83.21454753,38.73825534,927.266588,normal,1
VEH_4,53:26.5,48.90227487,17.74884512,83.15769421,30.78594199,221.206919,speeding,0
VEH_4,48:26.5,116.7578666,17.74249309,83.21840649,85.95175881,553.8001139,harsh_turn,1
VEH_4,43:26.5,58.51152033,17.70583369,83.19597457,43.88893933,985.0216083,speeding,0
VEH_4,38:26.5,63.79919587,17.70554939,83.16534568,51.71132231,280.1002912,harsh_turn,0
VEH_4,33:26.5,116.476594,17.71193977,83.20587225,56.86891707,447.5723499,speeding,0
VEH_4,28:26.5,56.70482059,17.68819964,83.15624216,88.94421165,256.2280391,speeding,0
VEH_4,23:26.5,57.75320306,17.69907783,83.22184065,44.28817005,758.2998277,sudden_brake,0
VEH_4,18:26.5,57.35085711,17.72850228,83.18713482,37.26389051,429.7026344,speeding,0
VEH_4,13:26.5,90.57299308,17.71535358,83.16771964,55.33914371,233.6911511,harsh_turn,1
VEH_4,08:26.5,111.0898311,17.77810063,83.16307691,62.54278785,799.2353294,speeding,0
VEH_4,03:26.5,99.06932855,17.75530714,83.24275658,99.89550621,771.3607628,normal,1
VEH_4,58:26.5,77.57346089,17.71357475,83.15029935,38.96806395,850.2504485,harsh_turn,1
VEH_4,53:26.5,64.36592713,17.68779923,83.18136467,74.35408876,926.4430286,speeding,1
VEH_4,48:26.5,48.85738801,17.7607695,83.18635516,54.37769499,397.406025,normal,0
VEH_4,43:26.5,114.2961093,17.73735345,83.23383912,30.91172573,641.5571138,sudden_brake,0
VEH_4,38:26.5,42.08466302,17.78415545,83.20991356,41.57593092,722.0506417,speeding,1
VEH_4,33:26.5,50.97560046,17.68978784,83.21996225,89.00773563,309.9685208,normal,1
VEH_4,28:26.5,50.07294971,17.73312359,83.15972983,93.53648707,468.1054239,harsh_turn,1
VEH_4,23:26.5,61.44304762,17.72880985,83.20755528,73.39862476,750.3532854,sudden_brake,0
VEH_4,18:26.5,85.36482826,17.77533204,83.23662208,82.40964694,950.1178218,harsh_turn,1
VEH_4,13:26.5,111.5522646,17.7001524,83.2386108,57.36972955,777.4035389,harsh_turn,0
VEH_4,08:26.5,49.6666201,17.70546968,83.15200222,72.07277957,521.1496389,normal,1
VEH_4,03:26.5,78.57812816,17.70028882,83.24007966,59.42304855,269.543828,harsh_turn,0
VEH_5,08:26.5,117.7345211,17.68189844,83.23803742,49.94064726,273.1268525,normal,1
VEH_5,03:26.5,44.66446106,17.79222037,83.15265567,35.48821416,350.8861554,harsh_turn,1
VEH_5,58:26.5,43.62482671,17.68386644,83.16206215,45.40429787,834.6440338,speeding,0
VEH_5,53:26.5,98.32562493,17.68432396,83.20515873,49.20360931,965.4107565,normal,0
VEH_5,48:26.5,96.79740968,17.72933946,83.19506292,82.18184042,703.0459847,speeding,0
VEH_5,43:26.5,89.09537062,17.79864493,83.15283881,80.6533444,309.4056379,speeding,1
VEH_5,38:26.5,113.7087035,17.72553332,83.15534427,52.06918179,937.9381492,harsh_turn,1
VEH_5,33:26.5,119.0763603,17.75689524,83.19552835,86.85283917,204.4719446,harsh_turn,1
VEH_5,28:26.5,68.54551546,17.70979757,83.24306301,88.55098085,581.9088403,normal,0
VEH_5,23:26.5,91.38426335,17.72777721,83.15194939,39.20104059,572.2359737,harsh_turn,1
VEH_5,18:26.5,117.6959483,17.7526194,83.21155485,81.77855344,796.6015152,speeding,1
VEH_5,13:26.5,115.2300367,17.79375426,83.2237714,62.31403357,368.6026041,normal,1
VEH_5,08:26.5,49.69310783,17.73225504,83.17823,92.85555253,977.9188754,normal,0
VEH_5,03:26.5,70.25486772,17.79631069,83.24266915,83.19529726,851.9681384,normal,0
VEH_5,58:26.5,60.73319881,17.70764325,83.18335879,59.64988879,926.2383953,harsh_turn,0
VEH_5,53:26.5,114.120439,17.74573578,83.18153989,85.44455169,747.7158978,harsh_turn,1
VEH_5,48:26.5,78.2787032,17.77294058,83.23077964,51.94404578,451.999569,harsh_turn,1
VEH_5,43:26.5,84.39215384,17.68308822,83.22373599,38.03538926,525.7301687,harsh_turn,0
VEH_5,38:26.5,54.75429562,17.68887236,83.23605987,32.02072754,657.5315209,sudden_brake,0
VEH_5,33:26.5,107.5108894,17.74041701,83.21106312,37.17897683,308.2940233,harsh_turn,0
VEH_5,28:26.5,67.88100974,17.73657913,83.19224934,35.58781111,202.3645853,harsh_turn,0
VEH_5,23:26.5,77.1048219,17.7487648,83.15532555,98.19246116,733.7697909,normal,1
VEH_5,18:26.5,119.9991065,17.7953726,83.22820344,99.88272602,877.1797234,speeding,1
VEH_5,13:26.5,111.4050967,17.76011648,83.16716555,38.80474344,948.6152445,harsh_turn,1
VEH_5,08:26.5,110.6746936,17.74491687,83.15690351,58.54432244,478.005673,speeding,1
VEH_5,03:26.5,65.81676695,17.77478912,83.15080404,61.2813442,891.8828524,harsh_turn,1
VEH_5,58:26.5,69.36975675,17.79635008,83.19399738,87.79297903,245.4009024,harsh_turn,0
VEH_5,53:26.5,64.51715704,17.69544789,83.2391295,65.32796055,321.1970522,sudden_brake,0
VEH_5,48:26.5,72.95111606,17.75136186,83.1725793,71.34629779,804.2156629,speeding,1
VEH_5,43:26.5,100.3473071,17.74937715,83.15903746,37.8975872,349.0766278,sudden_brake,1
VEH_5,38:26.5,55.09027447,17.693766,83.2205506,58.26945781,817.3408283,harsh_turn,0
VEH_5,33:26.5,77.00846978,17.69685745,83.20685363,92.03179145,813.3737921,speeding,0
VEH_5,28:26.5,50.5379515,17.69669599,83.24192058,70.01272901,811.7604759,speeding,0
VEH_5,23:26.5,61.84655847,17.6807344,83.15103119,84.26780596,897.5245348,speeding,0
VEH_5,18:26.5,96.55536836,17.78228692,83.23719542,60.43056203,835.2681528,speeding,1
VEH_5,13:26.5,50.05594022,17.68987582,83.15587994,55.01537073,943.7163016,harsh_turn,0
VEH_5,08:26.5,70.49475016,17.76887301,83.16090407,83.28214641,554.7093673,normal,1
VEH_5,03:26.5,57.92720088,17.73647747,83.20793939,59.94515268,821.5987202,speeding,0
VEH_5,58:26.5,60.28129742,17.79995316,83.17072343,87.76278944,985.1125776,sudden_brake,1
VEH_5,53:26.5,96.81872793,17.7070805,83.18727629,54.09162617,263.6200509,sudden_brake,0
VEH_5,48:26.5,115.9571745,17.6964345,83.20161235,84.87423907,779.1543468,harsh_turn,1
VEH_5,43:26.5,111.0535299,17.74167432,83.16820089,87.63526191,311.4265037,normal,1
VEH_5,38:26.5,79.85674277,17.70310402,83.19670605,85.99804213,777.239693,sudden_brake,1
VEH_5,33:26.5,107.2954178,17.71469578,83.17894173,31.65064257,646.2478997,speeding,1
VEH_5,28:26.5,53.21903162,17.7552502,83.1577171,74.49412088,351.4316764,harsh_turn,0
VEH_5,23:26.5,62.98585976,17.71238656,83.16987069,66.56843538,488.4567902,harsh_turn,1
VEH_5,18:26.5,95.02631622,17.73009604,83.21395339,51.14756917,882.5685359,harsh_turn,0
VEH_5,13:26.5,109.45744,17.76960951,83.16213583,76.52719298,879.81268,harsh_turn,1
VEH_5,08:26.5,46.76525689,17.71708025,83.17640707,45.57504203,221.6097521,normal,1
VEH_5,03:26.5,79.78799427,17.68186762,83.22074088,78.7052157,410.4310654,harsh_turn,1
VEH_6,08:26.5,55.69163673,17.76915436,83.18268626,39.89875118,648.3229112,normal,0
VEH_6,03:26.5,107.3136153,17.69960994,83.15790997,64.94443597,458.5361066,harsh_turn,1
VEH_6,58:26.5,55.05018433,17.79036443,83.23255204,60.23372369,647.4785512,sudden_brake,0
VEH_6,53:26.5,93.6761305,17.69306219,83.15021814,48.23276087,700.1405245,harsh_turn,1
VEH_6,48:26.5,60.52257537,17.74160373,83.20468218,71.12874795,907.632026,harsh_turn,1
VEH_6,43:26.5,46.77295236,17.77530457,83.23668975,71.30380477,444.3124447,harsh_turn,0
VEH_6,38:26.5,113.9833967,17.70583349,83.22597378,51.06269592,251.0701171,normal,1
VEH_6,33:26.5,87.07994655,17.74431746,83.17367624,54.03086249,890.8147212,normal,1
VEH_6,28:26.5,66.10097436,17.76260968,83.15168058,61.83441246,760.5439635,speeding,0
VEH_6,23:26.5,116.546337,17.78518418,83.19318867,47.06012194,349.4196762,harsh_turn,1
VEH_6,18:26.5,77.39445093,17.71967507,83.17016729,47.27300791,522.7072683,speeding,0
VEH_6,13:26.5,82.24849262,17.68759614,83.17865498,78.5076102,809.8276033,harsh_turn,1
VEH_6,08:26.5,88.97540133,17.69237471,83.22940659,77.39826231,827.2496907,normal,1
VEH_6,03:26.5,96.57883991,17.76475717,83.2012352,57.71862635,965.7434382,speeding,1
VEH_6,58:26.5,89.13751309,17.72286869,83.19844276,72.60178375,264.484294,sudden_brake,0
VEH_6,53:26.5,109.2330709,17.79873733,83.20942912,47.341823,402.303555,harsh_turn,0
VEH_6,48:26.5,106.7242248,17.77031863,83.1995587,42.77561045,335.839599,sudden_brake,1
VEH_6,43:26.5,43.84263813,17.68255114,83.17412993,55.79891174,407.698202,normal,1
VEH_6,38:26.5,93.09174243,17.75565185,83.17473523,50.37726257,847.9731137,sudden_brake,0
VEH_6,33:26.5,59.82240624,17.78205608,83.16423706,68.75615056,852.5307305,speeding,0
VEH_6,28:26.5,111.4577634,17.73894914,83.18477632,90.47677248,378.7607022,sudden_brake,1
VEH_6,23:26.5,63.72019252,17.73901537,83.24714401,38.21569937,203.340007,harsh_turn,0
VEH_6,18:26.5,47.63260391,17.68417317,83.17701409,99.52866123,500.9551795,speeding,0
VEH_6,13:26.5,58.78248544,17.79546543,83.20917743,48.56946742,271.8040965,harsh_turn,0
VEH_6,08:26.5,43.51286354,17.7619944,83.23435968,98.04983739,354.6953523,harsh_turn,1
VEH_6,03:26.5,83.00458863,17.77476506,83.18480661,45.94979632,226.561708,normal,1
VEH_6,58:26.5,42.68178126,17.6845197,83.18058632,53.58123054,573.5916476,sudden_brake,0
VEH_6,53:26.5,102.7527487,17.75800594,83.23736254,67.58967119,688.5499457,sudden_brake,1
VEH_6,48:26.5,42.74068461,17.69853397,83.2012065,48.17385141,551.4768505,speeding,0
VEH_6,43:26.5,105.9330639,17.70301872,83.24752436,56.51175238,981.613836,normal,1
VEH_6,38:26.5,90.19961611,17.68081054,83.16478877,96.18064505,806.5827479,speeding,1
VEH_6,33:26.5,66.53535443,17.77835787,83.20424406,97.86045455,689.1973893,speeding,1
VEH_6,28:26.5,67.171787,17.72161487,83.22459455,39.31656441,495.6205734,speeding,0
VEH_6,23:26.5,63.8212776,17.70800439,83.20115536,45.68560591,289.9188549,speeding,0
VEH_6,18:26.5,52.87582549,17.70979512,83.20152372,95.44828878,774.1118974,harsh_turn,0
VEH_6,13:26.5,107.3785055,17.72781092,83.18755736,62.30219449,935.5387422,speeding,1
VEH_6,08:26.5,97.80918616,17.78267001,83.15377357,79.60551191,870.2281574,speeding,1
VEH_6,03:26.5,54.40840978,17.72149752,83.19217533,57.92229969,796.8245953,normal,0
VEH_6,58:26.5,54.09257369,17.70235521,83.19234825,73.1169273,628.0312503,normal,0
VEH_6,53:26.5,108.0375233,17.73400107,83.24293341,86.36709345,594.1348462,normal,1
VEH_6,48:26.5,116.5261339,17.75898883,83.19286773,82.68014514,390.8239553,sudden_brake,1
VEH_6,43:26.5,111.5667106,17.79260342,83.21785732,98.13918686,801.7120401,harsh_turn,0
VEH_6,38:26.5,67.70978235,17.71084327,83.18112482,68.41265786,426.5015455,harsh_turn,0
VEH_6,33:26.5,55.128071,17.76865433,83.24044477,81.78234764,224.2496454,speeding,1
VEH_6,28:26.5,90.6218791,17.70048156,83.19733625,97.20365357,511.4760275,speeding,1
VEH_6,23:26.5,83.28089215,17.73806981,83.16718439,71.53010027,665.3607961,harsh_turn,0
VEH_6,18:26.5,76.46896442,17.77417351,83.17492975,76.91261494,842.2150036,speeding,1
VEH_6,13:26.5,98.87929897,17.72840744,83.20727667,38.91938801,376.1977868,normal,0
VEH_6,08:26.5,107.153012,17.7345821,83.17824308,55.73434787,832.0967148,harsh_turn,1
VEH_6,03:26.5,102.8068279,17.72732024,83.19543687,90.67582094,617.8862254,harsh_turn,0
VEH_7,08:26.5,114.9750766,17.68209753,83.21310663,39.76665233,389.7042815,speeding,1
VEH_7,03:26.5,98.67639128,17.71871325,83.21346785,53.20336175,684.9123483,speeding,1
VEH_7,58:26.5,113.057177,17.77318345,83.16812197,39.74266392,675.6484297,sudden_brake,0
VEH_7,53:26.5,90.04908156,17.74833081,83.15930557,42.66445078,367.892116,normal,0
VEH_7,48:26.5,71.11845984,17.70168121,83.21402747,72.65877057,985.2277498,sudden_brake,0
VEH_7,43:26.5,56.33033867,17.70545517,83.16157237,40.92299252,783.3154988,harsh_turn,1
VEH_7,38:26.5,60.00474033,17.75430278,83.24236641,54.14395358,858.5800284,harsh_turn,0
VEH_7,33:26.5,101.8632234,17.69386543,83.15885254,81.49379706,214.0199019,harsh_turn,1
VEH_7,28:26.5,63.76374672,17.78291441,83.1835549,50.02217933,768.6321456,normal,0
VEH_7,23:26.5,77.94249673,17.69094681,83.23106108,83.0638659,623.2311817,speeding,1
VEH_7,18:26.5,111.5557385,17.77417428,83.24699585,97.66997776,793.5988796,speeding,0
VEH_7,13:26.5,82.11493958,17.7923769,83.20365113,46.18258574,664.9832266,sudden_brake,1
VEH_7,08:26.5,74.12478788,17.7850913,83.19335668,60.1525026,632.9455476,normal,1
VEH_7,03:26.5,58.09918568,17.79588649,83.19644808,55.71743965,972.2980672,sudden_brake,1
VEH_7,58:26.5,51.79781348,17.790384,83.22767862,75.53270252,791.5979032,speeding,0
VEH_7,53:26.5,99.23790062,17.79928604,83.15560648,90.80780634,220.5530317,sudden_brake,1
VEH_7,48:26.5,82.95479986,17.74720622,83.15880332,74.60497226,461.9572363,normal,1
VEH_7,43:26.5,109.7643121,17.70344778,83.15755352,74.47758244,419.8722897,harsh_turn,0
VEH_7,38:26.5,60.1261964,17.69509938,83.19700788,79.4025092,573.3630539,harsh_turn,0
VEH_7,33:26.5,68.19834406,17.69596075,83.18473057,45.47601314,222.4521992,speeding,1
VEH_7,28:26.5,54.99063736,17.75671114,83.17141757,86.19645367,999.0097283,normal,0
VEH_7,23:26.5,92.14677514,17.76617202,83.15289198,91.9571493,643.8097186,normal,1
VEH_7,18:26.5,71.51949049,17.74439471,83.19631912,77.56198363,813.3709271,sudden_brake,1
VEH_7,13:26.5,115.692014,17.75117403,83.18800321,89.73928008,313.9604996,normal,1
VEH_7,08:26.5,117.7496208,17.72362571,83.15328355,57.65858784,240.8853754,normal,1
VEH_7,03:26.5,45.44714437,17.77152738,83.23294957,81.2299177,543.1587974,harsh_turn,1
VEH_7,58:26.5,100.7558193,17.75234733,83.16310317,36.27616287,413.8335788,speeding,1
VEH_7,53:26.5,47.14585382,17.68619572,83.15937285,89.6231235,293.8189159,normal,0
VEH_7,48:26.5,112.619731,17.79955256,83.21100974,57.85448604,534.1294549,normal,1
VEH_7,43:26.5,83.43144888,17.7695408,83.17588202,95.28704641,281.811304,harsh_turn,0
VEH_7,38:26.5,100.5173429,17.76851665,83.1532376,96.74080052,895.3452353,sudden_brake,0
VEH_7,33:26.5,108.1423483,17.68754053,83.17689905,48.58922997,998.9960613,sudden_brake,1
VEH_7,28:26.5,89.69949806,17.74060509,83.22983908,89.46790618,677.4412119,speeding,1
VEH_7,23:26.5,43.73714181,17.79411333,83.21125806,42.8304599,477.298939,sudden_brake,0
VEH_7,18:26.5,92.53458811,17.76736151,83.17752219,71.60012763,502.9542241,harsh_turn,1
VEH_7,13:26.5,103.1102498,17.79757997,83.19202784,79.65823361,701.7350698,sudden_brake,0
VEH_7,08:26.5,54.94847101,17.72523001,83.19225649,81.95717936,721.2598805,sudden_brake,1
VEH_7,03:26.5,98.02929442,17.75383812,83.20704693,76.37276413,833.6990908,normal,1
VEH_7,58:26.5,115.4125416,17.78792213,83.22918153,98.81205571,396.8084152,normal,1
VEH_7,53:26.5,71.63443988,17.72879718,83.23628671,85.66119353,435.3927662,harsh_turn,1
VEH_7,48:26.5,116.1492028,17.77099533,83.18928458,68.00993525,455.8634066,speeding,1
VEH_7,43:26.5,71.14133784,17.68719876,83.21687625,52.47344071,296.3743524,sudden_brake,1
VEH_7,38:26.5,113.7023348,17.75895068,83.15052542,77.07240813,329.8404503,sudden_brake,1
VEH_7,33:26.5,63.78038944,17.70942914,83.15226278,82.23327779,343.1740017,speeding,1
VEH_7,28:26.5,118.5455465,17.7059414,83.21523071,90.70884351,431.3368675,normal,0
VEH_7,23:26.5,71.22416949,17.72333185,83.19296807,55.31134004,686.7026977,speeding,0
VEH_7,18:26.5,86.89315679,17.75434612,83.22234877,98.06192934,350.7769319,speeding,1
VEH_7,13:26.5,46.72765621,17.72141463,83.21114236,68.1113406,660.1268673,sudden_brake,1
VEH_7,08:26.5,105.5222211,17.70545819,83.20486657,36.08348723,598.7730117,speeding,1
VEH_7,03:26.5,69.3885073,17.79610877,83.2067463,57.68758908,440.6088547,normal,0
VEH_8,08:26.5,84.96643979,17.71232626,83.18109296,47.67496949,289.8435523,speeding,1
VEH_8,03:26.5,91.10610825,17.7125234,83.15703278,56.0485794,273.660145,harsh_turn,1
VEH_8,58:26.5,63.47489406,17.72789487,83.21538993,39.77675761,368.3998862,normal,1
VEH_8,53:26.5,71.46269255,17.68047391,83.23672982,79.57875465,655.9168101,sudden_brake,0
VEH_8,48:26.5,57.92449478,17.7306,83.15229829,93.65672167,860.2159732,normal,0
VEH_8,43:26.5,72.5470033,17.7734052,83.22205953,48.72227832,217.2484787,speeding,1
VEH_8,38:26.5,103.5319766,17.77044173,83.24023362,39.69064197,396.6363672,normal,0
VEH_8,33:26.5,110.4112863,17.74241861,83.21512777,59.43416131,292.6797141,speeding,0
VEH_8,28:26.5,61.57197184,17.75409339,83.22083748,64.74238078,552.074251,harsh_turn,0
VEH_8,23:26.5,115.8335457,17.68959608,83.1930109,45.74410554,367.1788434,harsh_turn,1
VEH_8,18:26.5,104.2131567,17.69446415,83.19335154,51.58770842,823.420975,harsh_turn,1
VEH_8,13:26.5,98.05118614,17.77646854,83.1723387,42.90547825,777.9060587,harsh_turn,1
VEH_8,08:26.5,49.34783614,17.77824514,83.24842516,97.21568615,619.7057375,normal,0
VEH_8,03:26.5,68.00686856,17.73045977,83.15586392,69.52727956,205.4211848,harsh_turn,1
VEH_8,58:26.5,107.715659,17.78094253,83.16778524,50.53480187,778.6260201,harsh_turn,0
VEH_8,53:26.5,86.61642497,17.69373585,83.20797171,84.69181127,908.3408625,sudden_brake,0
VEH_8,48:26.5,65.38137945,17.7897863,83.15939504,94.25879347,274.1637341,harsh_turn,1
VEH_8,43:26.5,53.90182146,17.69563108,83.19053393,97.324542,489.7828068,normal,0
VEH_8,38:26.5,53.55585022,17.74816473,83.1620843,77.10055841,313.015851,sudden_brake,1
VEH_8,33:26.5,70.88543618,17.72627348,83.18556573,71.4124546,604.0823382,sudden_brake,0
VEH_8,28:26.5,90.03126337,17.7409028,83.20952699,41.22847784,466.9891139,harsh_turn,0
VEH_8,23:26.5,107.4038014,17.77763669,83.23711461,74.85374493,510.7577121,speeding,1
VEH_8,18:26.5,64.6871148,17.73257763,83.18563198,30.61327611,624.17185,harsh_turn,0
VEH_8,13:26.5,53.14463437,17.71887729,83.23595789,54.45743432,521.344226,harsh_turn,1
VEH_8,08:26.5,44.467063,17.75670032,83.19379991,42.42337141,293.7492427,speeding,0
VEH_8,03:26.5,62.69774399,17.73132352,83.24924721,71.57699767,329.8567304,speeding,1
VEH_8,58:26.5,113.2117382,17.78970275,83.24445823,89.77113402,709.3631443,speeding,1
VEH_8,53:26.5,106.9391221,17.77703358,83.24500948,73.59152314,598.7618624,sudden_brake,1
VEH_8,48:26.5,44.03432227,17.7259057,83.21800541,58.02777732,651.8688907,normal,0
VEH_8,43:26.5,82.32468259,17.79230231,83.24206001,33.12472301,234.9910496,sudden_brake,1
VEH_8,38:26.5,89.84677097,17.7787554,83.16228755,59.95214358,378.7431424,sudden_brake,1
VEH_8,33:26.5,45.30533729,17.79491455,83.24407701,37.4845765,930.0779019,normal,1
VEH_8,28:26.5,56.3652083,17.68586762,83.1757979,92.833798,900.7093772,normal,1
VEH_8,23:26.5,108.5790648,17.78645448,83.18468926,70.6620445,774.4863873,sudden_brake,1
VEH_8,18:26.5,69.18140014,17.77969066,83.19992465,81.24473812,691.4514684,normal,1
VEH_8,13:26.5,88.05526259,17.79871708,83.22756173,35.19832141,305.2192828,sudden_brake,1
VEH_8,08:26.5,85.94617524,17.76623695,83.24073464,74.22768281,228.6035047,sudden_brake,0
VEH_8,03:26.5,105.9561883,17.73973468,83.15617901,94.74796057,619.9593576,sudden_brake,0
VEH_8,58:26.5,41.30619302,17.73004799,83.17358196,88.31715365,823.155273,speeding,0
VEH_8,53:26.5,114.839794,17.73240702,83.20263049,91.89350917,727.1874694,sudden_brake,1
VEH_8,48:26.5,80.65674138,17.73326128,83.22321394,42.46620227,328.6579332,speeding,0
VEH_8,43:26.5,90.42103159,17.7115737,83.2111819,30.30912363,655.0932274,sudden_brake,0
VEH_8,38:26.5,118.3991808,17.79207926,83.19897347,96.44684532,850.3753924,normal,0
VEH_8,33:26.5,112.7274785,17.79337695,83.20642196,90.59153781,865.9056689,sudden_brake,0
VEH_8,28:26.5,96.99549516,17.72842454,83.17014561,57.53515927,433.9196288,harsh_turn,1
VEH_8,23:26.5,114.3568148,17.78727111,83.2178421,71.58627498,446.7971946,sudden_brake,0
VEH_8,18:26.5,63.02683967,17.74870118,83.15539177,30.53169954,794.0751127,speeding,1
VEH_8,13:26.5,55.9418895,17.79042175,83.17102788,77.37360504,728.6923175,sudden_brake,1
VEH_8,08:26.5,65.43751906,17.75415847,83.23022577,94.00661929,949.3533405,harsh_turn,0
VEH_8,03:26.5,59.31376824,17.70594445,83.16418063,31.42020432,751.0206158,sudden_brake,1
VEH_9,08:26.5,58.44295821,17.68089136,83.19301134,34.84901316,558.524761,sudden_brake,0
VEH_9,03:26.5,74.60689139,17.78365945,83.23158983,41.14942569,635.2081692,sudden_brake,1
VEH_9,58:26.5,114.0269078,17.68797958,83.17951953,64.00333873,882.2690837,harsh_turn,0
VEH_9,53:26.5,75.0982057,17.76478251,83.24987337,44.74729228,733.760322,speeding,1
VEH_9,48:26.5,57.25612344,17.69404655,83.24027269,40.90020276,693.2567686,normal,1
VEH_9,43:26.5,106.9269946,17.69250195,83.22744132,71.98873995,648.0712957,sudden_brake,0
VEH_9,38:26.5,65.98225994,17.69146093,83.15561557,32.1690742,823.078537,harsh_turn,1
VEH_9,33:26.5,94.05466324,17.71621778,83.20426819,32.0124745,259.0444486,harsh_turn,0
VEH_9,28:26.5,41.50315987,17.70380548,83.19367897,55.75008175,630.8347537,speeding,1
VEH_9,23:26.5,62.43022772,17.68734525,83.17177058,77.28888165,391.4727029,normal,0
VEH_9,18:26.5,93.97494379,17.6878981,83.15875507,61.3339462,547.5118969,speeding,0
VEH_9,13:26.5,119.4397695,17.70578114,83.23765731,97.80960903,263.0609814,harsh_turn,0
VEH_9,08:26.5,47.39750717,17.77934075,83.23831162,82.51732004,909.4019051,sudden_brake,1
VEH_9,03:26.5,54.70831408,17.78660904,83.16879393,76.80306428,598.119735,sudden_brake,0
VEH_9,58:26.5,44.1444302,17.73643806,83.24153351,35.81445662,354.2423096,normal,1
VEH_9,53:26.5,115.089676,17.7737507,83.19673586,50.28634969,422.0499236,sudden_brake,0
VEH_9,48:26.5,47.60772053,17.73718836,83.21920869,51.64417467,881.7147571,speeding,0
VEH_9,43:26.5,119.3602779,17.77829962,83.21641029,71.56387328,808.4097639,sudden_brake,1
VEH_9,38:26.5,112.9118073,17.78229823,83.22091763,33.83973657,498.7454045,sudden_brake,1
VEH_9,33:26.5,72.91317542,17.76730668,83.18535124,83.8712394,908.4361576,sudden_brake,0
VEH_9,28:26.5,46.36500176,17.76147742,83.19364306,33.37797247,314.8059174,sudden_brake,0
VEH_9,23:26.5,73.15567306,17.7783811,83.17461544,77.22216902,578.050427,harsh_turn,1
VEH_9,18:26.5,115.7555216,17.75663921,83.21385687,52.38493162,556.8093025,normal,1
VEH_9,13:26.5,111.9454184,17.79441464,83.18072518,36.89264575,736.5492335,speeding,0
VEH_9,08:26.5,62.06779923,17.7018388,83.2428919,97.23827789,764.7887596,sudden_brake,1
VEH_9,03:26.5,92.66473666,17.74460069,83.16693422,74.67266464,402.7111351,speeding,0
VEH_9,58:26.5,78.79157108,17.75237458,83.17826453,55.08386911,663.6227166,speeding,0
VEH_9,53:26.5,53.55550259,17.78022922,83.23497911,34.73972816,585.5782823,harsh_turn,1
VEH_9,48:26.5,56.52673382,17.75817182,83.20118071,76.56858151,694.5072502,speeding,0
VEH_9,43:26.5,116.741134,17.79743925,83.2430866,67.57121076,600.1950358,sudden_brake,1
VEH_9,38:26.5,43.45022715,17.70762643,83.20995097,46.12299631,573.8053937,sudden_brake,0
VEH_9,33:26.5,92.47640114,17.76339602,83.20283082,65.17522751,505.5144565,harsh_turn,0
VEH_9,28:26.5,106.1406157,17.7298757,83.24214292,68.69904336,521.4663091,normal,0
VEH_9,23:26.5,60.25352515,17.70756657,83.18298023,99.51005747,889.8627372,normal,0
VEH_9,18:26.5,65.0565822,17.74973791,83.17341277,73.50071132,950.1304052,speeding,1
VEH_9,13:26.5,99.64820097,17.76099763,83.19627404,50.64898666,868.466724,sudden_brake,0
VEH_9,08:26.5,80.29140537,17.77069328,83.20041632,90.18394194,593.7578963,sudden_brake,0
VEH_9,03:26.5,84.73653895,17.79154841,83.23543635,79.7871834,615.5491105,speeding,0
VEH_9,58:26.5,50.76320209,17.68362836,83.16256791,80.95152652,834.8851454,harsh_turn,1
VEH_9,53:26.5,103.1293626,17.70742122,83.15710353,72.93139526,752.5664784,normal,1
VEH_9,48:26.5,63.10399432,17.70543422,83.16144382,49.97870416,654.9383534,normal,0
VEH_9,43:26.5,105.4160801,17.78076525,83.15498431,73.05151688,268.4194992,normal,0
VEH_9,38:26.5,100.8797384,17.7702356,83.17503952,32.04569814,736.7208792,speeding,1
VEH_9,33:26.5,41.2462703,17.74794295,83.20873491,94.3276282,657.4125115,harsh_turn,1
VEH_9,28:26.5,118.6454137,17.71132294,83.22050832,92.53844565,743.9433579,speeding,0
VEH_9,23:26.5,86.96456903,17.74180922,83.21173228,66.74877896,833.7316554,normal,0
VEH_9,18:26.5,89.81080401,17.72967309,83.19164902,65.51447343,926.5471549,sudden_brake,0
VEH_9,13:26.5,79.72229479,17.71227014,83.19285354,57.29365617,936.1209223,normal,0
VEH_9,08:26.5,109.1218368,17.75111621,83.17921802,71.06663968,746.7500626,sudden_brake,0
VEH_9,03:26.5,66.64094341,17.72371226,83.23312716,99.49063511,644.2909581,speeding,1
VEH_10,08:26.5,87.47245373,17.73500952,83.189265,99.4513684,324.3212635,harsh_turn,0
VEH_10,03:26.5,54.83665385,17.71697407,83.17866611,35.69860353,638.8944592,harsh_turn,1
VEH_10,58:26.5,45.40158914,17.7099794,83.1543781,34.47274315,464.5422145,normal,1
VEH_10,53:26.5,44.15518501,17.78827055,83.20095478,48.0374735,286.8182183,normal,1
VEH_10,48:26.5,93.18082698,17.7337914,83.20638033,59.61914238,720.6533346,speeding,0
VEH_10,43:26.5,108.1979651,17.73283883,83.19636105,51.99889269,428.4822827,normal,0
VEH_10,38:26.5,47.18719101,17.704778,83.15816087,84.4906229,904.2141097,sudden_brake,0
VEH_10,33:26.5,91.1494779,17.72767272,83.23023053,75.62340496,834.2815136,sudden_brake,1
VEH_10,28:26.5,100.0962399,17.76488143,83.24503295,92.2150264,928.268865,speeding,0
VEH_10,23:26.5,64.88506673,17.70508325,83.19143902,63.75344892,514.1407875,sudden_brake,1
VEH_10,18:26.5,100.4648459,17.69260452,83.18049357,93.47413889,251.1694675,normal,1
VEH_10,13:26.5,72.78507097,17.7451187,83.24476596,59.26940876,455.7552579,speeding,0
VEH_10,08:26.5,47.39431503,17.77833427,83.23030612,59.31875482,536.939503,sudden_brake,0
VEH_10,03:26.5,115.0774064,17.74233249,83.20461818,43.21631838,960.540788,sudden_brake,0
VEH_10,58:26.5,98.23494638,17.70192521,83.20519227,31.49985108,348.5781612,speeding,1
VEH_10,53:26.5,107.2688439,17.79025794,83.20946493,77.08966502,746.1195472,sudden_brake,0
VEH_10,48:26.5,65.05340029,17.76165496,83.20630906,42.35888102,551.9297608,sudden_brake,0
VEH_10,43:26.5,102.3368538,17.73505307,83.24293911,59.59374828,556.3804533,normal,0
VEH_10,38:26.5,95.18558553,17.79731725,83.18180523,71.61199717,773.2682416,speeding,1
VEH_10,33:26.5,50.95847359,17.78036024,83.23179195,78.72740835,557.7124053,speeding,1
VEH_10,28:26.5,80.17795433,17.72216132,83.23680129,41.86917106,886.4813631,normal,0
VEH_10,23:26.5,90.8002488,17.68684661,83.21933867,72.63608943,437.3011818,harsh_turn,1
VEH_10,18:26.5,93.04172925,17.75554047,83.21222359,80.48808481,482.4550649,harsh_turn,1
VEH_10,13:26.5,62.81095802,17.71789937,83.16933497,65.46819664,553.4979172,harsh_turn,0
VEH_10,08:26.5,44.92352428,17.70671082,83.18244832,32.10678261,744.7224635,harsh_turn,0
VEH_10,03:26.5,61.93808764,17.79311369,83.18888287,72.78029753,298.440217,normal,1
VEH_10,58:26.5,52.1706799,17.68418299,83.2085205,38.00693539,866.1974265,harsh_turn,1
VEH_10,53:26.5,62.34575183,17.78448598,83.1901544,49.67335717,273.9440163,speeding,1
VEH_10,48:26.5,50.62915635,17.76827035,83.18087639,48.44714616,710.9109528,sudden_brake,0
VEH_10,43:26.5,92.96689872,17.78967838,83.22877682,96.03184327,533.0810072,speeding,0
VEH_10,38:26.5,81.74283233,17.75874713,83.21892168,57.85270932,777.0635977,sudden_brake,0
VEH_10,33:26.5,112.9407588,17.79592788,83.17558769,48.9833133,363.1260646,speeding,1
VEH_10,28:26.5,86.66942275,17.74557162,83.20406633,41.05846519,992.679043,harsh_turn,0
VEH_10,23:26.5,67.94462242,17.78700642,83.2413456,99.01664989,651.8490424,speeding,1
VEH_10,18:26.5,56.55361471,17.74309368,83.1620593,53.24786146,396.3120943,normal,1
VEH_10,13:26.5,43.88868755,17.73819574,83.23800224,50.29734134,259.6400145,harsh_turn,1
VEH_10,08:26.5,51.54384474,17.69932387,83.18006073,77.80187158,839.0447871,speeding,0
VEH_10,03:26.5,59.71922828,17.79624994,83.23311299,36.93154782,716.4367752,sudden_brake,1
VEH_10,58:26.5,58.3860504,17.72462181,83.21738602,77.31597522,690.9313921,normal,1
VEH_10,53:26.5,109.2915909,17.68075635,83.2469305,49.35725673,733.5103664,harsh_turn,1
VEH_10,48:26.5,62.68736616,17.76913026,83.16091303,75.19809004,553.3527209,normal,0
VEH_10,43:26.5,108.3737074,17.77245437,83.1850375,67.5464075,970.9166809,harsh_turn,1
VEH_10,38:26.5,96.43278824,17.74480389,83.19393614,72.20249678,729.2880765,speeding,0
VEH_10,33:26.5,46.87217829,17.71363698,83.15857576,91.60859095,861.7947533,harsh_turn,0
VEH_10,28:26.5,86.15876402,17.69684859,83.21839973,93.42238202,590.8326553,sudden_brake,0
VEH_10,23:26.5,92.52364073,17.73979104,83.21656263,84.17490337,801.0245792,harsh_turn,0
VEH_10,18:26.5,98.62393009,17.72667112,83.22141925,59.90999324,500.3244959,harsh_turn,1
VEH_10,13:26.5,108.9398021,17.71014674,83.20858459,42.01285532,455.3185428,harsh_turn,0
VEH_10,08:26.5,89.0046397,17.78806474,83.15424227,88.8420962,984.8178295,sudden_brake,1
VEH_10,03:26.5,102.9776341,17.78561515,83.16097458,95.52122321,738.0815434,normal,1
